{
  "version": "2.4.0-beta.0",
  "visualisation": {
    "nodes": [
      {
        "id": "n:1",
        "position": {
          "x": -69.29799866932993,
          "y": -181.30290349533993
        }
      },
      {
        "id": "n:2",
        "position": {
          "x": -55.05645522591734,
          "y": 55.27371328406114
        }
      },
      {
        "id": "n:3",
        "position": {
          "x": 284.4513920116301,
          "y": -159.733599032068
        }
      }
    ]
  },
  "dataModel": {
    "version": "2.4.0-beta.0",
    "graphSchemaRepresentation": {
      "version": "1.0.0",
      "graphSchema": {
        "nodeLabels": [
          {
            "$id": "nl:1",
            "token": "actors",
            "properties": [
              {
                "$id": "p:5",
                "token": "personId",
                "type": {
                  "type": "integer"
                },
                "nullable": true
              },
              {
                "$id": "p:6",
                "token": "characters",
                "type": {
                  "type": "string"
                },
                "nullable": true
              }
            ]
          },
          {
            "$id": "nl:2",
            "token": "movies",
            "properties": [
              {
                "$id": "p:2",
                "token": "movieId",
                "type": {
                  "type": "integer"
                },
                "nullable": true
              },
              {
                "$id": "p:3",
                "token": "title",
                "type": {
                  "type": "string"
                },
                "nullable": true
              }
            ]
          },
          {
            "$id": "nl:3",
            "token": "people",
            "properties": [
              {
                "$id": "p:1",
                "token": "personId",
                "type": {
                  "type": "integer"
                },
                "nullable": true
              },
              {
                "$id": "p:4",
                "token": "name",
                "type": {
                  "type": "string"
                },
                "nullable": true
              }
            ]
          }
        ],
        "relationshipTypes": [
          {
            "$id": "rt:1",
            "token": "acted_in",
            "properties": []
          },
          {
            "$id": "rt:2",
            "token": "acted_as",
            "properties": []
          }
        ],
        "nodeObjectTypes": [
          {
            "$id": "n:1",
            "labels": [
              {
                "$ref": "#nl:1"
              }
            ]
          },
          {
            "$id": "n:2",
            "labels": [
              {
                "$ref": "#nl:2"
              }
            ]
          },
          {
            "$id": "n:3",
            "labels": [
              {
                "$ref": "#nl:3"
              }
            ]
          }
        ],
        "relationshipObjectTypes": [
          {
            "$id": "r:1",
            "type": {
              "$ref": "#rt:1"
            },
            "from": {
              "$ref": "#n:1"
            },
            "to": {
              "$ref": "#n:2"
            }
          },
          {
            "$id": "r:2",
            "type": {
              "$ref": "#rt:2"
            },
            "from": {
              "$ref": "#n:3"
            },
            "to": {
              "$ref": "#n:1"
            }
          }
        ],
        "constraints": [
          {
            "$id": "c:2",
            "name": "movieId_movies_uniq",
            "constraintType": "uniqueness",
            "entityType": "node",
            "nodeLabel": {
              "$ref": "#nl:2"
            },
            "properties": [
              {
                "$ref": "#p:2"
              }
            ]
          },
          {
            "$id": "c:1",
            "name": "personId_actors_uniq",
            "constraintType": "uniqueness",
            "entityType": "node",
            "nodeLabel": {
              "$ref": "#nl:1"
            },
            "properties": [
              {
                "$ref": "#p:5"
              }
            ]
          },
          {
            "$id": "c:3",
            "name": "personId_people_uniq",
            "constraintType": "uniqueness",
            "entityType": "node",
            "nodeLabel": {
              "$ref": "#nl:3"
            },
            "properties": [
              {
                "$ref": "#p:1"
              }
            ]
          }
        ],
        "indexes": []
      }
    },
    "graphSchemaExtensionsRepresentation": {
      "nodeKeyProperties": [
        {
          "node": {
            "$ref": "#n:2"
          },
          "keyProperty": {
            "$ref": "#p:2"
          }
        },
        {
          "node": {
            "$ref": "#n:1"
          },
          "keyProperty": {
            "$ref": "#p:5"
          }
        },
        {
          "node": {
            "$ref": "#n:3"
          },
          "keyProperty": {
            "$ref": "#p:1"
          }
        }
      ]
    },
    "graphMappingRepresentation": {
      "dataSourceSchema": {
        "type": "local",
        "tableSchemas": [
          {
            "name": "actors.csv",
            "expanded": true,
            "fields": [
              {
                "name": "personId",
                "sample": "2295",
                "recommendedType": {
                  "type": "integer"
                }
              },
              {
                "name": "movieId",
                "sample": "189",
                "recommendedType": {
                  "type": "integer"
                }
              },
              {
                "name": "characters",
                "sample": "Marv",
                "recommendedType": {
                  "type": "string"
                }
              }
            ]
          },
          {
            "name": "movies.csv",
            "expanded": true,
            "fields": [
              {
                "name": "movieId",
                "sample": "189",
                "recommendedType": {
                  "type": "integer"
                }
              },
              {
                "name": "title",
                "sample": "Sin City: A Dame to Kill For",
                "recommendedType": {
                  "type": "string"
                }
              },
              {
                "name": "avgVote",
                "sample": "6.900000",
                "recommendedType": {
                  "type": "float"
                }
              },
              {
                "name": "releaseYear",
                "sample": "2014",
                "recommendedType": {
                  "type": "integer"
                }
              },
              {
                "name": "tagline",
                "sample": "There is no justice without sin.",
                "recommendedType": {
                  "type": "string"
                }
              },
              {
                "name": "genres",
                "sample": "Action:Crime:Drama:Thriller",
                "recommendedType": {
                  "type": "string"
                }
              },
              {
                "name": "personType",
                "sample": "ACTOR",
                "recommendedType": {
                  "type": "string"
                }
              },
              {
                "name": "personId",
                "sample": "2295",
                "recommendedType": {
                  "type": "integer"
                }
              },
              {
                "name": "name",
                "sample": "Mickey Rourke",
                "recommendedType": {
                  "type": "string"
                }
              },
              {
                "name": "birthYear",
                "sample": "1952",
                "recommendedType": {
                  "type": "integer"
                }
              },
              {
                "name": "deathYear",
                "sample": "0",
                "recommendedType": {
                  "type": "boolean"
                }
              },
              {
                "name": "characters",
                "sample": "Marv",
                "recommendedType": {
                  "type": "string"
                }
              }
            ]
          },
          {
            "name": "people.csv",
            "expanded": true,
            "fields": [
              {
                "name": "personId",
                "sample": "23945",
                "recommendedType": {
                  "type": "integer"
                }
              },
              {
                "name": "name",
                "sample": "Gérard Pirès",
                "recommendedType": {
                  "type": "string"
                }
              },
              {
                "name": "birthYear",
                "sample": "1942",
                "recommendedType": {
                  "type": "integer"
                }
              },
              {
                "name": "deathYear",
                "sample": "",
                "recommendedType": {
                  "type": "integer"
                }
              }
            ]
          }
        ]
      },
      "nodeMappings": [
        {
          "node": {
            "$ref": "#n:1"
          },
          "tableName": "actors.csv",
          "propertyMappings": [
            {
              "fieldName": "personId",
              "property": {
                "$ref": "#p:5"
              }
            },
            {
              "fieldName": "characters",
              "property": {
                "$ref": "#p:6"
              }
            }
          ]
        },
        {
          "node": {
            "$ref": "#n:2"
          },
          "tableName": "movies.csv",
          "propertyMappings": [
            {
              "fieldName": "movieId",
              "property": {
                "$ref": "#p:2"
              }
            },
            {
              "fieldName": "title",
              "property": {
                "$ref": "#p:3"
              }
            }
          ]
        },
        {
          "node": {
            "$ref": "#n:3"
          },
          "tableName": "people.csv",
          "propertyMappings": [
            {
              "fieldName": "personId",
              "property": {
                "$ref": "#p:1"
              }
            },
            {
              "fieldName": "name",
              "property": {
                "$ref": "#p:4"
              }
            }
          ]
        }
      ],
      "relationshipMappings": [
        {
          "relationship": {
            "$ref": "#r:1"
          },
          "tableName": "movies.csv",
          "propertyMappings": [],
          "fromMapping": {
            "fieldName": "personId"
          },
          "toMapping": {
            "fieldName": "movieId"
          }
        },
        {
          "relationship": {
            "$ref": "#r:2"
          },
          "tableName": "people.csv",
          "propertyMappings": [],
          "toMapping": {
            "fieldName": "personId"
          },
          "fromMapping": {
            "fieldName": "personId"
          }
        }
      ]
    },
    "configurations": {
      "idsToIgnore": []
    }
  }
}